{
  "information": {
    "precision": 0.0,
    "recall": 0.0,
    "f1-score": 0.0,
    "support": 2,
    "confused_with": {}
  },
  "property": {
    "precision": 0.8333333333333334,
    "recall": 0.8823529411764706,
    "f1-score": 0.8571428571428571,
    "support": 34,
    "confused_with": {}
  },
  "time": {
    "precision": 0.0,
    "recall": 0.0,
    "f1-score": 0.0,
    "support": 3,
    "confused_with": {}
  },
  "language": {
    "precision": 0.0,
    "recall": 0.0,
    "f1-score": 0.0,
    "support": 1,
    "confused_with": {}
  },
  "relation": {
    "precision": 0.0,
    "recall": 0.0,
    "f1-score": 0.0,
    "support": 1,
    "confused_with": {}
  },
  "support_topio": {
    "precision": 1.0,
    "recall": 0.3333333333333333,
    "f1-score": 0.5,
    "support": 3,
    "confused_with": {}
  },
  "topio_user": {
    "precision": 1.0,
    "recall": 0.8333333333333334,
    "f1-score": 0.9090909090909091,
    "support": 6,
    "confused_with": {}
  },
  "place": {
    "precision": 1.0,
    "recall": 0.8846153846153846,
    "f1-score": 0.9387755102040816,
    "support": 26,
    "confused_with": {}
  },
  "mood": {
    "precision": 0.0,
    "recall": 0.0,
    "f1-score": 0.0,
    "support": 1,
    "confused_with": {}
  },
  "micro avg": {
    "precision": 0.9076923076923077,
    "recall": 0.7662337662337663,
    "f1-score": 0.8309859154929577,
    "support": 77
  },
  "macro avg": {
    "precision": 0.42592592592592593,
    "recall": 0.3259594436065025,
    "f1-score": 0.35611214182642753,
    "support": 77
  },
  "weighted avg": {
    "precision": 0.8225108225108225,
    "recall": 0.7662337662337663,
    "f1-score": 0.7857865696455678,
    "support": 77
  }
}