{
  "time": {
    "precision": 0.0,
    "recall": 0.0,
    "f1-score": 0.0,
    "support": 2,
    "confused_with": {}
  },
  "relation": {
    "precision": 1.0,
    "recall": 0.3333333333333333,
    "f1-score": 0.5,
    "support": 3,
    "confused_with": {}
  },
  "language": {
    "precision": 1.0,
    "recall": 1.0,
    "f1-score": 1.0,
    "support": 1,
    "confused_with": {}
  },
  "support_topio": {
    "precision": 0.6666666666666666,
    "recall": 1.0,
    "f1-score": 0.8,
    "support": 2,
    "confused_with": {}
  },
  "mood": {
    "precision": 0.0,
    "recall": 0.0,
    "f1-score": 0.0,
    "support": 1,
    "confused_with": {}
  },
  "place": {
    "precision": 0.9166666666666666,
    "recall": 1.0,
    "f1-score": 0.9565217391304348,
    "support": 11,
    "confused_with": {}
  },
  "property": {
    "precision": 0.875,
    "recall": 0.7368421052631579,
    "f1-score": 0.7999999999999999,
    "support": 19,
    "confused_with": {}
  },
  "customer": {
    "precision": 1.0,
    "recall": 1.0,
    "f1-score": 1.0,
    "support": 5,
    "confused_with": {}
  },
  "micro avg": {
    "precision": 0.8717948717948718,
    "recall": 0.7727272727272727,
    "f1-score": 0.8192771084337349,
    "support": 44
  },
  "macro avg": {
    "precision": 0.6822916666666666,
    "recall": 0.6337719298245614,
    "f1-score": 0.6320652173913043,
    "support": 44
  },
  "weighted avg": {
    "precision": 0.8418560606060606,
    "recall": 0.7727272727272727,
    "f1-score": 0.791403162055336,
    "support": 44
  }
}