{
  "time": {
    "precision": 0.0,
    "recall": 0.0,
    "f1-score": 0.0,
    "support": 2,
    "confused_with": {}
  },
  "service": {
    "precision": 0.0,
    "recall": 0.0,
    "f1-score": 0.0,
    "support": 2,
    "confused_with": {}
  },
  "language": {
    "precision": 0.0,
    "recall": 0.0,
    "f1-score": 0.0,
    "support": 1,
    "confused_with": {}
  },
  "support_topio": {
    "precision": 1.0,
    "recall": 0.5,
    "f1-score": 0.6666666666666666,
    "support": 4,
    "confused_with": {}
  },
  "mood": {
    "precision": 0.0,
    "recall": 0.0,
    "f1-score": 0.0,
    "support": 1,
    "confused_with": {}
  },
  "place": {
    "precision": 1.0,
    "recall": 0.875,
    "f1-score": 0.9333333333333333,
    "support": 8,
    "confused_with": {}
  },
  "property": {
    "precision": 0.8636363636363636,
    "recall": 0.95,
    "f1-score": 0.9047619047619048,
    "support": 20,
    "confused_with": {}
  },
  "customer": {
    "precision": 1.0,
    "recall": 1.0,
    "f1-score": 1.0,
    "support": 5,
    "confused_with": {}
  },
  "micro avg": {
    "precision": 0.9166666666666666,
    "recall": 0.7674418604651163,
    "f1-score": 0.8354430379746837,
    "support": 43
  },
  "macro avg": {
    "precision": 0.48295454545454547,
    "recall": 0.415625,
    "f1-score": 0.43809523809523804,
    "support": 43
  },
  "weighted avg": {
    "precision": 0.7970401691331924,
    "recall": 0.7674418604651163,
    "f1-score": 0.7727574750830565,
    "support": 43
  }
}