{
  "information": {
    "precision": 0.0,
    "recall": 0.0,
    "f1-score": 0.0,
    "support": 1,
    "confused_with": {}
  },
  "property": {
    "precision": 0.8205128205128205,
    "recall": 0.9142857142857143,
    "f1-score": 0.8648648648648648,
    "support": 35,
    "confused_with": {}
  },
  "relation": {
    "precision": 0.0,
    "recall": 0.0,
    "f1-score": 0.0,
    "support": 1,
    "confused_with": {}
  },
  "language": {
    "precision": 0.0,
    "recall": 0.0,
    "f1-score": 0.0,
    "support": 3,
    "confused_with": {}
  },
  "time": {
    "precision": 0.0,
    "recall": 0.0,
    "f1-score": 0.0,
    "support": 1,
    "confused_with": {}
  },
  "support_topio": {
    "precision": 1.0,
    "recall": 0.3333333333333333,
    "f1-score": 0.5,
    "support": 3,
    "confused_with": {}
  },
  "topio_user": {
    "precision": 1.0,
    "recall": 0.5714285714285714,
    "f1-score": 0.7272727272727273,
    "support": 7,
    "confused_with": {
      "place": 3
    }
  },
  "place": {
    "precision": 0.8888888888888888,
    "recall": 0.9696969696969697,
    "f1-score": 0.927536231884058,
    "support": 33,
    "confused_with": {}
  },
  "mood": {
    "precision": 0.0,
    "recall": 0.0,
    "f1-score": 0.0,
    "support": 1,
    "confused_with": {}
  },
  "micro avg": {
    "precision": 0.8625,
    "recall": 0.8117647058823529,
    "f1-score": 0.8363636363636364,
    "support": 85
  },
  "macro avg": {
    "precision": 0.41215574548907885,
    "recall": 0.30986050986050984,
    "f1-score": 0.33551931378018335,
    "support": 85
  },
  "weighted avg": {
    "precision": 0.800603318250377,
    "recall": 0.8117647058823529,
    "f1-score": 0.793763235451215,
    "support": 85
  }
}