{
  "time": {
    "precision": 1.0,
    "recall": 1.0,
    "f1-score": 1.0,
    "support": 2,
    "confused_with": {}
  },
  "relation": {
    "precision": 0.5,
    "recall": 0.3333333333333333,
    "f1-score": 0.4,
    "support": 3,
    "confused_with": {}
  },
  "language": {
    "precision": 1.0,
    "recall": 1.0,
    "f1-score": 1.0,
    "support": 1,
    "confused_with": {}
  },
  "support_topio": {
    "precision": 1.0,
    "recall": 1.0,
    "f1-score": 1.0,
    "support": 2,
    "confused_with": {}
  },
  "mood": {
    "precision": 0.0,
    "recall": 0.0,
    "f1-score": 0.0,
    "support": 1,
    "confused_with": {}
  },
  "place": {
    "precision": 0.9166666666666666,
    "recall": 1.0,
    "f1-score": 0.9565217391304348,
    "support": 11,
    "confused_with": {}
  },
  "property": {
    "precision": 0.8181818181818182,
    "recall": 0.9473684210526315,
    "f1-score": 0.8780487804878049,
    "support": 19,
    "confused_with": {}
  },
  "customer": {
    "precision": 1.0,
    "recall": 1.0,
    "f1-score": 1.0,
    "support": 5,
    "confused_with": {}
  },
  "micro avg": {
    "precision": 0.8695652173913043,
    "recall": 0.9090909090909091,
    "f1-score": 0.888888888888889,
    "support": 44
  },
  "macro avg": {
    "precision": 0.7793560606060606,
    "recall": 0.7850877192982455,
    "f1-score": 0.77932131495228,
    "support": 44
  },
  "weighted avg": {
    "precision": 0.8438360881542699,
    "recall": 0.9090909090909091,
    "f1-score": 0.8728333172659791,
    "support": 44
  }
}