{
  "information": {
    "precision": 0.0,
    "recall": 0.0,
    "f1-score": 0.0,
    "support": 1,
    "confused_with": {}
  },
  "property": {
    "precision": 0.825,
    "recall": 0.8918918918918919,
    "f1-score": 0.8571428571428571,
    "support": 37,
    "confused_with": {}
  },
  "time": {
    "precision": 0.0,
    "recall": 0.0,
    "f1-score": 0.0,
    "support": 2,
    "confused_with": {}
  },
  "relation": {
    "precision": 1.0,
    "recall": 1.0,
    "f1-score": 1.0,
    "support": 1,
    "confused_with": {}
  },
  "support_topio": {
    "precision": 1.0,
    "recall": 0.75,
    "f1-score": 0.8571428571428571,
    "support": 4,
    "confused_with": {}
  },
  "topio_user": {
    "precision": 1.0,
    "recall": 1.0,
    "f1-score": 1.0,
    "support": 6,
    "confused_with": {}
  },
  "place": {
    "precision": 0.9130434782608695,
    "recall": 0.9545454545454546,
    "f1-score": 0.9333333333333332,
    "support": 22,
    "confused_with": {}
  },
  "mood": {
    "precision": 0.0,
    "recall": 0.0,
    "f1-score": 0.0,
    "support": 1,
    "confused_with": {}
  },
  "micro avg": {
    "precision": 0.8767123287671232,
    "recall": 0.8648648648648649,
    "f1-score": 0.870748299319728,
    "support": 74
  },
  "macro avg": {
    "precision": 0.5922554347826087,
    "recall": 0.5745546683046683,
    "f1-score": 0.5809523809523809,
    "support": 74
  },
  "weighted avg": {
    "precision": 0.8325940070505288,
    "recall": 0.8648648648648649,
    "f1-score": 0.8469755469755469,
    "support": 74
  }
}