{
  "config_convert": [
    [
      0.9733440600697237,
      0.9728224577782101,
      0.7280614174419482
    ],
    [
      0.9734967097798957,
      0.9167726685946364,
      0.6719304785676466
    ],
    [
      0.9732199664526577,
      0.9373699555115484,
      0.7550863099535665
    ]
  ],
  "config_tf": [
    [
      0.929794885547098,
      0.7980381467107129,
      0.33798232249559684
    ],
    [
      0.9390845143057532,
      0.8117722002677755,
      0.4350802589740643
    ],
    [
      0.93682404124882,
      0.8121633528713175,
      0.528884905654817
    ]
  ],
  "config_tf_convert": [
    [
      0.9739289226014889,
      0.9556711724853318,
      0.6398766425315099
    ],
    [
      0.9734073203099752,
      0.8995262358094216,
      0.6530015533659469
    ],
    [
      0.9644945025475998,
      0.955688325209408,
      0.7754224143604674
    ]
  ]
}