{
  "information": {
    "precision": 1.0,
    "recall": 0.5,
    "f1-score": 0.6666666666666666,
    "support": 2,
    "confused_with": {}
  },
  "property": {
    "precision": 0.8648648648648649,
    "recall": 0.9411764705882353,
    "f1-score": 0.9014084507042254,
    "support": 34,
    "confused_with": {}
  },
  "time": {
    "precision": 1.0,
    "recall": 0.6666666666666666,
    "f1-score": 0.8,
    "support": 3,
    "confused_with": {}
  },
  "language": {
    "precision": 0.0,
    "recall": 0.0,
    "f1-score": 0.0,
    "support": 1,
    "confused_with": {}
  },
  "relation": {
    "precision": 0.0,
    "recall": 0.0,
    "f1-score": 0.0,
    "support": 1,
    "confused_with": {}
  },
  "support_topio": {
    "precision": 1.0,
    "recall": 1.0,
    "f1-score": 1.0,
    "support": 3,
    "confused_with": {}
  },
  "topio_user": {
    "precision": 1.0,
    "recall": 1.0,
    "f1-score": 1.0,
    "support": 6,
    "confused_with": {}
  },
  "place": {
    "precision": 1.0,
    "recall": 0.9615384615384616,
    "f1-score": 0.9803921568627451,
    "support": 26,
    "confused_with": {}
  },
  "mood": {
    "precision": 0.0,
    "recall": 0.0,
    "f1-score": 0.0,
    "support": 1,
    "confused_with": {}
  },
  "micro avg": {
    "precision": 0.9324324324324325,
    "recall": 0.8961038961038961,
    "f1-score": 0.9139072847682119,
    "support": 77
  },
  "macro avg": {
    "precision": 0.6516516516516516,
    "recall": 0.5632646220881514,
    "f1-score": 0.5942741415815153,
    "support": 77
  },
  "weighted avg": {
    "precision": 0.9013689013689014,
    "recall": 0.8961038961038961,
    "f1-score": 0.8944339835806281,
    "support": 77
  }
}