{
  "information": {
    "precision": 0.0,
    "recall": 0.0,
    "f1-score": 0.0,
    "support": 1,
    "confused_with": {}
  },
  "property": {
    "precision": 0.8292682926829268,
    "recall": 0.9714285714285714,
    "f1-score": 0.8947368421052632,
    "support": 35,
    "confused_with": {}
  },
  "relation": {
    "precision": 0.0,
    "recall": 0.0,
    "f1-score": 0.0,
    "support": 1,
    "confused_with": {}
  },
  "language": {
    "precision": 1.0,
    "recall": 0.6666666666666666,
    "f1-score": 0.8,
    "support": 3,
    "confused_with": {
      "place": 1
    }
  },
  "time": {
    "precision": 0.0,
    "recall": 0.0,
    "f1-score": 0.0,
    "support": 1,
    "confused_with": {}
  },
  "support_topio": {
    "precision": 0.75,
    "recall": 1.0,
    "f1-score": 0.8571428571428571,
    "support": 3,
    "confused_with": {}
  },
  "topio_user": {
    "precision": 1.0,
    "recall": 0.8571428571428571,
    "f1-score": 0.923076923076923,
    "support": 7,
    "confused_with": {}
  },
  "place": {
    "precision": 0.9411764705882353,
    "recall": 0.9696969696969697,
    "f1-score": 0.955223880597015,
    "support": 33,
    "confused_with": {}
  },
  "mood": {
    "precision": 0.0,
    "recall": 0.0,
    "f1-score": 0.0,
    "support": 1,
    "confused_with": {}
  },
  "micro avg": {
    "precision": 0.8850574712643678,
    "recall": 0.9058823529411765,
    "f1-score": 0.8953488372093024,
    "support": 85
  },
  "macro avg": {
    "precision": 0.5022716403634625,
    "recall": 0.4961038961038961,
    "f1-score": 0.49224227810245086,
    "support": 85
  },
  "weighted avg": {
    "precision": 0.8509789855684025,
    "recall": 0.9058823529411765,
    "f1-score": 0.8737781713688558,
    "support": 85
  }
}