{
  "time": {
    "precision": 0.0,
    "recall": 0.0,
    "f1-score": 0.0,
    "support": 2,
    "confused_with": {}
  },
  "relation": {
    "precision": 0.0,
    "recall": 0.0,
    "f1-score": 0.0,
    "support": 3,
    "confused_with": {}
  },
  "language": {
    "precision": 0.0,
    "recall": 0.0,
    "f1-score": 0.0,
    "support": 1,
    "confused_with": {}
  },
  "support_topio": {
    "precision": 0.0,
    "recall": 0.0,
    "f1-score": 0.0,
    "support": 2,
    "confused_with": {}
  },
  "mood": {
    "precision": 0.0,
    "recall": 0.0,
    "f1-score": 0.0,
    "support": 1,
    "confused_with": {}
  },
  "place": {
    "precision": 0.8333333333333334,
    "recall": 0.9090909090909091,
    "f1-score": 0.8695652173913043,
    "support": 11,
    "confused_with": {}
  },
  "property": {
    "precision": 0.8181818181818182,
    "recall": 0.9473684210526315,
    "f1-score": 0.8780487804878049,
    "support": 19,
    "confused_with": {}
  },
  "customer": {
    "precision": 1.0,
    "recall": 0.4,
    "f1-score": 0.5714285714285715,
    "support": 5,
    "confused_with": {}
  },
  "micro avg": {
    "precision": 0.7894736842105263,
    "recall": 0.6818181818181818,
    "f1-score": 0.7317073170731707,
    "support": 44
  },
  "macro avg": {
    "precision": 0.331439393939394,
    "recall": 0.28205741626794256,
    "f1-score": 0.2898803211634601,
    "support": 44
  },
  "weighted avg": {
    "precision": 0.675275482093664,
    "recall": 0.6818181818181818,
    "f1-score": 0.6614837972208067,
    "support": 44
  }
}