{
  "time": {
    "precision": 1.0,
    "recall": 0.5,
    "f1-score": 0.6666666666666666,
    "support": 2,
    "confused_with": {}
  },
  "service": {
    "precision": 1.0,
    "recall": 1.0,
    "f1-score": 1.0,
    "support": 2,
    "confused_with": {}
  },
  "language": {
    "precision": 1.0,
    "recall": 1.0,
    "f1-score": 1.0,
    "support": 1,
    "confused_with": {}
  },
  "support_topio": {
    "precision": 1.0,
    "recall": 1.0,
    "f1-score": 1.0,
    "support": 4,
    "confused_with": {}
  },
  "mood": {
    "precision": 0.0,
    "recall": 0.0,
    "f1-score": 0.0,
    "support": 1,
    "confused_with": {}
  },
  "place": {
    "precision": 1.0,
    "recall": 1.0,
    "f1-score": 1.0,
    "support": 8,
    "confused_with": {}
  },
  "property": {
    "precision": 0.8571428571428571,
    "recall": 0.9,
    "f1-score": 0.8780487804878048,
    "support": 20,
    "confused_with": {}
  },
  "customer": {
    "precision": 0.8333333333333334,
    "recall": 1.0,
    "f1-score": 0.9090909090909091,
    "support": 5,
    "confused_with": {}
  },
  "micro avg": {
    "precision": 0.9069767441860465,
    "recall": 0.9069767441860465,
    "f1-score": 0.9069767441860465,
    "support": 43
  },
  "macro avg": {
    "precision": 0.8363095238095238,
    "recall": 0.8,
    "f1-score": 0.8067257945306725,
    "support": 43
  },
  "weighted avg": {
    "precision": 0.8909191583610189,
    "recall": 0.9069767441860465,
    "f1-score": 0.8939479881056738,
    "support": 43
  }
}