{
  "information": {
    "precision": 0.0,
    "recall": 0.0,
    "f1-score": 0.0,
    "support": 1,
    "confused_with": {}
  },
  "property": {
    "precision": 0.8536585365853658,
    "recall": 0.9459459459459459,
    "f1-score": 0.8974358974358975,
    "support": 37,
    "confused_with": {}
  },
  "time": {
    "precision": 0.0,
    "recall": 0.0,
    "f1-score": 0.0,
    "support": 2,
    "confused_with": {}
  },
  "relation": {
    "precision": 0.0,
    "recall": 0.0,
    "f1-score": 0.0,
    "support": 1,
    "confused_with": {}
  },
  "support_topio": {
    "precision": 1.0,
    "recall": 0.75,
    "f1-score": 0.8571428571428571,
    "support": 4,
    "confused_with": {}
  },
  "topio_user": {
    "precision": 1.0,
    "recall": 1.0,
    "f1-score": 1.0,
    "support": 6,
    "confused_with": {}
  },
  "place": {
    "precision": 0.9565217391304348,
    "recall": 1.0,
    "f1-score": 0.9777777777777777,
    "support": 22,
    "confused_with": {}
  },
  "mood": {
    "precision": 0.0,
    "recall": 0.0,
    "f1-score": 0.0,
    "support": 1,
    "confused_with": {}
  },
  "micro avg": {
    "precision": 0.9041095890410958,
    "recall": 0.8918918918918919,
    "f1-score": 0.8979591836734694,
    "support": 74
  },
  "macro avg": {
    "precision": 0.47627253446447504,
    "recall": 0.46199324324324326,
    "f1-score": 0.46654456654456655,
    "support": 74
  },
  "weighted avg": {
    "precision": 0.8463357312774068,
    "recall": 0.8918918918918919,
    "f1-score": 0.8668217668217668,
    "support": 74
  }
}