{
  "relation": {
    "precision": 0.0,
    "recall": 0.0,
    "f1-score": 0.0,
    "support": 3,
    "confused_with": {}
  },
  "service": {
    "precision": 0.0,
    "recall": 0.0,
    "f1-score": 0.0,
    "support": 1,
    "confused_with": {}
  },
  "information": {
    "precision": 0.0,
    "recall": 0.0,
    "f1-score": 0.0,
    "support": 1,
    "confused_with": {}
  },
  "support_topio": {
    "precision": 1.0,
    "recall": 0.5,
    "f1-score": 0.6666666666666666,
    "support": 4,
    "confused_with": {}
  },
  "mood": {
    "precision": 0.0,
    "recall": 0.0,
    "f1-score": 0.0,
    "support": 1,
    "confused_with": {}
  },
  "place": {
    "precision": 1.0,
    "recall": 0.9166666666666666,
    "f1-score": 0.9565217391304348,
    "support": 12,
    "confused_with": {}
  },
  "property": {
    "precision": 0.8095238095238095,
    "recall": 0.9444444444444444,
    "f1-score": 0.8717948717948718,
    "support": 18,
    "confused_with": {}
  },
  "customer": {
    "precision": 1.0,
    "recall": 1.0,
    "f1-score": 1.0,
    "support": 5,
    "confused_with": {}
  },
  "micro avg": {
    "precision": 0.8974358974358975,
    "recall": 0.7777777777777778,
    "f1-score": 0.8333333333333333,
    "support": 45
  },
  "macro avg": {
    "precision": 0.47619047619047616,
    "recall": 0.4201388888888889,
    "f1-score": 0.43687290969899667,
    "support": 45
  },
  "weighted avg": {
    "precision": 0.7904761904761904,
    "recall": 0.7777777777777778,
    "f1-score": 0.7741607828564351,
    "support": 45
  }
}