{
  "service": {
    "precision": 0.0,
    "recall": 0.0,
    "f1-score": 0.0,
    "support": 5,
    "confused_with": {}
  },
  "time": {
    "precision": 0.0,
    "recall": 0.0,
    "f1-score": 0.0,
    "support": 5,
    "confused_with": {}
  },
  "property": {
    "precision": 0.8230088495575221,
    "recall": 0.9393939393939394,
    "f1-score": 0.8773584905660378,
    "support": 99,
    "confused_with": {}
  },
  "customer": {
    "precision": 1.0,
    "recall": 0.9545454545454546,
    "f1-score": 0.9767441860465117,
    "support": 22,
    "confused_with": {}
  },
  "support_topio": {
    "precision": 0.8461538461538461,
    "recall": 0.7333333333333333,
    "f1-score": 0.7857142857142856,
    "support": 15,
    "confused_with": {}
  },
  "mood": {
    "precision": 0.0,
    "recall": 0.0,
    "f1-score": 0.0,
    "support": 4,
    "confused_with": {}
  },
  "place": {
    "precision": 0.9411764705882353,
    "recall": 0.9795918367346939,
    "f1-score": 0.96,
    "support": 49,
    "confused_with": {}
  },
  "information": {
    "precision": 0.0,
    "recall": 0.0,
    "f1-score": 0.0,
    "support": 5,
    "confused_with": {}
  },
  "language": {
    "precision": 0.0,
    "recall": 0.0,
    "f1-score": 0.0,
    "support": 5,
    "confused_with": {}
  },
  "relation": {
    "precision": 1.0,
    "recall": 0.2,
    "f1-score": 0.33333333333333337,
    "support": 5,
    "confused_with": {}
  },
  "micro avg": {
    "precision": 0.8743718592964824,
    "recall": 0.8130841121495327,
    "f1-score": 0.8426150121065376,
    "support": 214
  },
  "macro avg": {
    "precision": 0.4610339166299603,
    "recall": 0.3806864564007421,
    "f1-score": 0.3933150295660168,
    "support": 214
  },
  "weighted avg": {
    "precision": 0.7817188357818967,
    "recall": 0.8130841121495327,
    "f1-score": 0.7889684280908503,
    "support": 214
  }
}