{
  "service": {
    "precision": 1.0,
    "recall": 0.6,
    "f1-score": 0.7499999999999999,
    "support": 5,
    "confused_with": {}
  },
  "time": {
    "precision": 1.0,
    "recall": 0.6,
    "f1-score": 0.7499999999999999,
    "support": 5,
    "confused_with": {}
  },
  "property": {
    "precision": 0.8415841584158416,
    "recall": 0.8585858585858586,
    "f1-score": 0.85,
    "support": 99,
    "confused_with": {}
  },
  "customer": {
    "precision": 1.0,
    "recall": 1.0,
    "f1-score": 1.0,
    "support": 22,
    "confused_with": {}
  },
  "support_topio": {
    "precision": 0.8461538461538461,
    "recall": 0.7333333333333333,
    "f1-score": 0.7857142857142856,
    "support": 15,
    "confused_with": {}
  },
  "mood": {
    "precision": 0.0,
    "recall": 0.0,
    "f1-score": 0.0,
    "support": 4,
    "confused_with": {}
  },
  "place": {
    "precision": 0.9230769230769231,
    "recall": 0.9795918367346939,
    "f1-score": 0.9504950495049506,
    "support": 49,
    "confused_with": {}
  },
  "information": {
    "precision": 0.6666666666666666,
    "recall": 0.4,
    "f1-score": 0.5,
    "support": 5,
    "confused_with": {}
  },
  "language": {
    "precision": 1.0,
    "recall": 0.8,
    "f1-score": 0.888888888888889,
    "support": 5,
    "confused_with": {}
  },
  "relation": {
    "precision": 0.6666666666666666,
    "recall": 0.4,
    "f1-score": 0.5,
    "support": 5,
    "confused_with": {}
  },
  "micro avg": {
    "precision": 0.8823529411764706,
    "recall": 0.8411214953271028,
    "f1-score": 0.861244019138756,
    "support": 214
  },
  "macro avg": {
    "precision": 0.7944148260979944,
    "recall": 0.6371511028653886,
    "f1-score": 0.6975098224108125,
    "support": 214
  },
  "weighted avg": {
    "precision": 0.8640494171631398,
    "recall": 0.8411214953271028,
    "f1-score": 0.8479178325042117,
    "support": 214
  }
}