{
  "config_convert": [
    [
      0.9638888888888889,
      0.9623015873015873,
      0.7412193362193362
    ],
    [
      0.9500838214073509,
      0.9500838214073507,
      0.7308855033855034
    ],
    [
      0.9361691086691086,
      0.9069749694749696,
      0.7472763347763347
    ]
  ],
  "config_tf": [
    [
      0.9247646103896103,
      0.8322943722943723,
      0.38666250416250414
    ],
    [
      0.910202589807853,
      0.8477507215007215,
      0.5554509379509379
    ],
    [
      0.9236691086691087,
      0.8534279609279609,
      0.6002781777046483
    ]
  ],
  "config_tf_convert": [
    [
      0.9375892857142858,
      0.961976911976912,
      0.7231691919191919
    ],
    [
      0.9498015873015874,
      0.9491501145912912,
      0.689025974025974
    ],
    [
      0.9361691086691086,
      0.9138167388167387,
      0.737409534909535
    ]
  ]
}