{
  "relation": {
    "precision": 1.0,
    "recall": 0.6666666666666666,
    "f1-score": 0.8,
    "support": 3,
    "confused_with": {}
  },
  "service": {
    "precision": 1.0,
    "recall": 1.0,
    "f1-score": 1.0,
    "support": 1,
    "confused_with": {}
  },
  "information": {
    "precision": 0.0,
    "recall": 0.0,
    "f1-score": 0.0,
    "support": 1,
    "confused_with": {}
  },
  "support_topio": {
    "precision": 1.0,
    "recall": 0.25,
    "f1-score": 0.4,
    "support": 4,
    "confused_with": {}
  },
  "mood": {
    "precision": 0.0,
    "recall": 0.0,
    "f1-score": 0.0,
    "support": 1,
    "confused_with": {}
  },
  "place": {
    "precision": 1.0,
    "recall": 1.0,
    "f1-score": 1.0,
    "support": 12,
    "confused_with": {}
  },
  "property": {
    "precision": 0.7619047619047619,
    "recall": 0.8888888888888888,
    "f1-score": 0.8205128205128205,
    "support": 18,
    "confused_with": {}
  },
  "customer": {
    "precision": 1.0,
    "recall": 1.0,
    "f1-score": 1.0,
    "support": 5,
    "confused_with": {}
  },
  "micro avg": {
    "precision": 0.8809523809523809,
    "recall": 0.8222222222222222,
    "f1-score": 0.8505747126436781,
    "support": 45
  },
  "macro avg": {
    "precision": 0.7202380952380952,
    "recall": 0.6006944444444444,
    "f1-score": 0.6275641025641026,
    "support": 45
  },
  "weighted avg": {
    "precision": 0.8603174603174604,
    "recall": 0.8222222222222222,
    "f1-score": 0.8170940170940171,
    "support": 45
  }
}