{
  "relation": {
    "precision": 0.0,
    "recall": 0.0,
    "f1-score": 0.0,
    "support": 3,
    "confused_with": {}
  },
  "service": {
    "precision": 0.0,
    "recall": 0.0,
    "f1-score": 0.0,
    "support": 1,
    "confused_with": {}
  },
  "information": {
    "precision": 0.0,
    "recall": 0.0,
    "f1-score": 0.0,
    "support": 1,
    "confused_with": {}
  },
  "support_topio": {
    "precision": 1.0,
    "recall": 0.25,
    "f1-score": 0.4,
    "support": 4,
    "confused_with": {}
  },
  "mood": {
    "precision": 0.0,
    "recall": 0.0,
    "f1-score": 0.0,
    "support": 1,
    "confused_with": {}
  },
  "place": {
    "precision": 1.0,
    "recall": 0.9166666666666666,
    "f1-score": 0.9565217391304348,
    "support": 12,
    "confused_with": {}
  },
  "property": {
    "precision": 0.85,
    "recall": 0.9444444444444444,
    "f1-score": 0.8947368421052632,
    "support": 18,
    "confused_with": {}
  },
  "customer": {
    "precision": 1.0,
    "recall": 1.0,
    "f1-score": 1.0,
    "support": 5,
    "confused_with": {}
  },
  "micro avg": {
    "precision": 0.918918918918919,
    "recall": 0.7555555555555555,
    "f1-score": 0.8292682926829269,
    "support": 45
  },
  "macro avg": {
    "precision": 0.48125,
    "recall": 0.3888888888888889,
    "f1-score": 0.4064073226544623,
    "support": 45
  },
  "weighted avg": {
    "precision": 0.8066666666666666,
    "recall": 0.7555555555555555,
    "f1-score": 0.759633867276888,
    "support": 45
  }
}