{
  "information": {
    "precision": 0.0,
    "recall": 0.0,
    "f1-score": 0.0,
    "support": 2,
    "confused_with": {}
  },
  "property": {
    "precision": 0.8611111111111112,
    "recall": 0.9117647058823529,
    "f1-score": 0.8857142857142858,
    "support": 34,
    "confused_with": {}
  },
  "time": {
    "precision": 0.0,
    "recall": 0.0,
    "f1-score": 0.0,
    "support": 3,
    "confused_with": {}
  },
  "language": {
    "precision": 0.0,
    "recall": 0.0,
    "f1-score": 0.0,
    "support": 1,
    "confused_with": {}
  },
  "relation": {
    "precision": 0.0,
    "recall": 0.0,
    "f1-score": 0.0,
    "support": 1,
    "confused_with": {}
  },
  "support_topio": {
    "precision": 1.0,
    "recall": 0.3333333333333333,
    "f1-score": 0.5,
    "support": 3,
    "confused_with": {}
  },
  "topio_user": {
    "precision": 1.0,
    "recall": 0.6666666666666666,
    "f1-score": 0.8,
    "support": 6,
    "confused_with": {}
  },
  "place": {
    "precision": 0.8928571428571429,
    "recall": 0.9615384615384616,
    "f1-score": 0.9259259259259259,
    "support": 26,
    "confused_with": {}
  },
  "mood": {
    "precision": 0.0,
    "recall": 0.0,
    "f1-score": 0.0,
    "support": 1,
    "confused_with": {}
  },
  "micro avg": {
    "precision": 0.8840579710144928,
    "recall": 0.7922077922077922,
    "f1-score": 0.8356164383561644,
    "support": 77
  },
  "macro avg": {
    "precision": 0.41710758377425045,
    "recall": 0.3192559074912016,
    "f1-score": 0.34573780129335685,
    "support": 77
  },
  "weighted avg": {
    "precision": 0.7985982271696558,
    "recall": 0.7922077922077922,
    "f1-score": 0.7855631141345427,
    "support": 77
  }
}