{
  "time": {
    "precision": 0.0,
    "recall": 0.0,
    "f1-score": 0.0,
    "support": 2,
    "confused_with": {}
  },
  "relation": {
    "precision": 0.0,
    "recall": 0.0,
    "f1-score": 0.0,
    "support": 3,
    "confused_with": {}
  },
  "language": {
    "precision": 0.0,
    "recall": 0.0,
    "f1-score": 0.0,
    "support": 1,
    "confused_with": {}
  },
  "support_topio": {
    "precision": 0.0,
    "recall": 0.0,
    "f1-score": 0.0,
    "support": 2,
    "confused_with": {}
  },
  "mood": {
    "precision": 0.0,
    "recall": 0.0,
    "f1-score": 0.0,
    "support": 1,
    "confused_with": {}
  },
  "place": {
    "precision": 0.9090909090909091,
    "recall": 0.9090909090909091,
    "f1-score": 0.9090909090909091,
    "support": 11,
    "confused_with": {}
  },
  "property": {
    "precision": 0.8,
    "recall": 0.8421052631578947,
    "f1-score": 0.8205128205128205,
    "support": 19,
    "confused_with": {}
  },
  "customer": {
    "precision": 1.0,
    "recall": 0.6,
    "f1-score": 0.7499999999999999,
    "support": 5,
    "confused_with": {}
  },
  "micro avg": {
    "precision": 0.8055555555555556,
    "recall": 0.6590909090909091,
    "f1-score": 0.7250000000000001,
    "support": 44
  },
  "macro avg": {
    "precision": 0.3386363636363636,
    "recall": 0.2938995215311005,
    "f1-score": 0.3099504662004662,
    "support": 44
  },
  "weighted avg": {
    "precision": 0.6863636363636364,
    "recall": 0.6590909090909091,
    "f1-score": 0.6668123543123543,
    "support": 44
  }
}