{
  "information": {
    "precision": 1.0,
    "recall": 1.0,
    "f1-score": 1.0,
    "support": 1,
    "confused_with": {}
  },
  "property": {
    "precision": 0.8421052631578947,
    "recall": 0.8648648648648649,
    "f1-score": 0.8533333333333334,
    "support": 37,
    "confused_with": {}
  },
  "time": {
    "precision": 0.0,
    "recall": 0.0,
    "f1-score": 0.0,
    "support": 2,
    "confused_with": {}
  },
  "relation": {
    "precision": 1.0,
    "recall": 1.0,
    "f1-score": 1.0,
    "support": 1,
    "confused_with": {}
  },
  "support_topio": {
    "precision": 0.8,
    "recall": 1.0,
    "f1-score": 0.888888888888889,
    "support": 4,
    "confused_with": {}
  },
  "topio_user": {
    "precision": 1.0,
    "recall": 1.0,
    "f1-score": 1.0,
    "support": 6,
    "confused_with": {}
  },
  "place": {
    "precision": 0.9166666666666666,
    "recall": 1.0,
    "f1-score": 0.9565217391304348,
    "support": 22,
    "confused_with": {}
  },
  "mood": {
    "precision": 0.0,
    "recall": 0.0,
    "f1-score": 0.0,
    "support": 1,
    "confused_with": {}
  },
  "micro avg": {
    "precision": 0.88,
    "recall": 0.8918918918918919,
    "f1-score": 0.8859060402684563,
    "support": 74
  },
  "macro avg": {
    "precision": 0.6948464912280702,
    "recall": 0.7331081081081081,
    "f1-score": 0.7123429951690822,
    "support": 74
  },
  "weighted avg": {
    "precision": 0.8449265054528212,
    "recall": 0.8918918918918919,
    "f1-score": 0.8671941506724116,
    "support": 74
  }
}