{
  "information": {
    "precision": 0.0,
    "recall": 0.0,
    "f1-score": 0.0,
    "support": 1,
    "confused_with": {}
  },
  "property": {
    "precision": 0.8333333333333334,
    "recall": 1.0,
    "f1-score": 0.9090909090909091,
    "support": 35,
    "confused_with": {}
  },
  "relation": {
    "precision": 0.0,
    "recall": 0.0,
    "f1-score": 0.0,
    "support": 1,
    "confused_with": {}
  },
  "language": {
    "precision": 0.0,
    "recall": 0.0,
    "f1-score": 0.0,
    "support": 3,
    "confused_with": {}
  },
  "time": {
    "precision": 0.0,
    "recall": 0.0,
    "f1-score": 0.0,
    "support": 1,
    "confused_with": {}
  },
  "support_topio": {
    "precision": 1.0,
    "recall": 0.6666666666666666,
    "f1-score": 0.8,
    "support": 3,
    "confused_with": {}
  },
  "topio_user": {
    "precision": 1.0,
    "recall": 0.8571428571428571,
    "f1-score": 0.923076923076923,
    "support": 7,
    "confused_with": {}
  },
  "place": {
    "precision": 0.9705882352941176,
    "recall": 1.0,
    "f1-score": 0.9850746268656716,
    "support": 33,
    "confused_with": {}
  },
  "mood": {
    "precision": 0.0,
    "recall": 0.0,
    "f1-score": 0.0,
    "support": 1,
    "confused_with": {}
  },
  "micro avg": {
    "precision": 0.9047619047619048,
    "recall": 0.8941176470588236,
    "f1-score": 0.8994082840236687,
    "support": 85
  },
  "macro avg": {
    "precision": 0.4226579520697168,
    "recall": 0.3915343915343915,
    "f1-score": 0.4019158287815004,
    "support": 85
  },
  "weighted avg": {
    "precision": 0.83760092272203,
    "recall": 0.8941176470588236,
    "f1-score": 0.8610256819563228,
    "support": 85
  }
}