{
  "time": {
    "precision": 0.0,
    "recall": 0.0,
    "f1-score": 0.0,
    "support": 2,
    "confused_with": {}
  },
  "relation": {
    "precision": 1.0,
    "recall": 0.3333333333333333,
    "f1-score": 0.5,
    "support": 3,
    "confused_with": {}
  },
  "language": {
    "precision": 0.0,
    "recall": 0.0,
    "f1-score": 0.0,
    "support": 1,
    "confused_with": {
      "information": 1
    }
  },
  "support_topio": {
    "precision": 0.0,
    "recall": 0.0,
    "f1-score": 0.0,
    "support": 2,
    "confused_with": {}
  },
  "mood": {
    "precision": 0.0,
    "recall": 0.0,
    "f1-score": 0.0,
    "support": 1,
    "confused_with": {
      "information": 1
    }
  },
  "place": {
    "precision": 0.9090909090909091,
    "recall": 0.9090909090909091,
    "f1-score": 0.9090909090909091,
    "support": 11,
    "confused_with": {}
  },
  "property": {
    "precision": 0.7916666666666666,
    "recall": 1.0,
    "f1-score": 0.8837209302325582,
    "support": 19,
    "confused_with": {}
  },
  "customer": {
    "precision": 1.0,
    "recall": 0.4,
    "f1-score": 0.5714285714285715,
    "support": 5,
    "confused_with": {}
  },
  "micro avg": {
    "precision": 0.8421052631578947,
    "recall": 0.7272727272727273,
    "f1-score": 0.7804878048780488,
    "support": 44
  },
  "macro avg": {
    "precision": 0.46259469696969696,
    "recall": 0.3303030303030303,
    "f1-score": 0.35803005134400484,
    "support": 44
  },
  "weighted avg": {
    "precision": 0.7509469696969696,
    "recall": 0.7272727272727273,
    "f1-score": 0.7079054666263969,
    "support": 44
  }
}