{
  "information": {
    "precision": 0.0,
    "recall": 0.0,
    "f1-score": 0.0,
    "support": 1,
    "confused_with": {}
  },
  "property": {
    "precision": 0.8055555555555556,
    "recall": 0.7837837837837838,
    "f1-score": 0.7945205479452055,
    "support": 37,
    "confused_with": {}
  },
  "time": {
    "precision": 0.0,
    "recall": 0.0,
    "f1-score": 0.0,
    "support": 2,
    "confused_with": {}
  },
  "relation": {
    "precision": 0.0,
    "recall": 0.0,
    "f1-score": 0.0,
    "support": 1,
    "confused_with": {}
  },
  "support_topio": {
    "precision": 0.0,
    "recall": 0.0,
    "f1-score": 0.0,
    "support": 4,
    "confused_with": {}
  },
  "topio_user": {
    "precision": 1.0,
    "recall": 1.0,
    "f1-score": 1.0,
    "support": 6,
    "confused_with": {}
  },
  "place": {
    "precision": 0.9473684210526315,
    "recall": 0.8181818181818182,
    "f1-score": 0.8780487804878049,
    "support": 22,
    "confused_with": {}
  },
  "mood": {
    "precision": 0.0,
    "recall": 0.0,
    "f1-score": 0.0,
    "support": 1,
    "confused_with": {}
  },
  "micro avg": {
    "precision": 0.8688524590163934,
    "recall": 0.7162162162162162,
    "f1-score": 0.7851851851851852,
    "support": 74
  },
  "macro avg": {
    "precision": 0.3441154970760234,
    "recall": 0.32524570024570026,
    "f1-score": 0.3340711660541263,
    "support": 74
  },
  "weighted avg": {
    "precision": 0.7655089299826141,
    "recall": 0.7162162162162162,
    "f1-score": 0.739382884387896,
    "support": 74
  }
}