{
  "information": {
    "precision": 1.0,
    "recall": 1.0,
    "f1-score": 1.0,
    "support": 1,
    "confused_with": {}
  },
  "property": {
    "precision": 0.8717948717948718,
    "recall": 0.918918918918919,
    "f1-score": 0.8947368421052632,
    "support": 37,
    "confused_with": {}
  },
  "time": {
    "precision": 0.0,
    "recall": 0.0,
    "f1-score": 0.0,
    "support": 2,
    "confused_with": {}
  },
  "relation": {
    "precision": 1.0,
    "recall": 1.0,
    "f1-score": 1.0,
    "support": 1,
    "confused_with": {}
  },
  "support_topio": {
    "precision": 1.0,
    "recall": 0.75,
    "f1-score": 0.8571428571428571,
    "support": 4,
    "confused_with": {}
  },
  "topio_user": {
    "precision": 1.0,
    "recall": 1.0,
    "f1-score": 1.0,
    "support": 6,
    "confused_with": {}
  },
  "place": {
    "precision": 0.9166666666666666,
    "recall": 1.0,
    "f1-score": 0.9565217391304348,
    "support": 22,
    "confused_with": {}
  },
  "mood": {
    "precision": 0.0,
    "recall": 0.0,
    "f1-score": 0.0,
    "support": 1,
    "confused_with": {}
  },
  "micro avg": {
    "precision": 0.9054054054054054,
    "recall": 0.9054054054054054,
    "f1-score": 0.9054054054054054,
    "support": 74
  },
  "macro avg": {
    "precision": 0.7235576923076923,
    "recall": 0.7086148648648649,
    "f1-score": 0.7135501797973194,
    "support": 74
  },
  "weighted avg": {
    "precision": 0.8705821205821206,
    "recall": 0.9054054054054054,
    "f1-score": 0.8861799033423747,
    "support": 74
  }
}