{
  "information": {
    "precision": 1.0,
    "recall": 0.5,
    "f1-score": 0.6666666666666666,
    "support": 2,
    "confused_with": {}
  },
  "property": {
    "precision": 0.8648648648648649,
    "recall": 0.9411764705882353,
    "f1-score": 0.9014084507042254,
    "support": 34,
    "confused_with": {}
  },
  "time": {
    "precision": 0.0,
    "recall": 0.0,
    "f1-score": 0.0,
    "support": 3,
    "confused_with": {}
  },
  "language": {
    "precision": 0.0,
    "recall": 0.0,
    "f1-score": 0.0,
    "support": 1,
    "confused_with": {}
  },
  "relation": {
    "precision": 1.0,
    "recall": 1.0,
    "f1-score": 1.0,
    "support": 1,
    "confused_with": {}
  },
  "support_topio": {
    "precision": 1.0,
    "recall": 0.6666666666666666,
    "f1-score": 0.8,
    "support": 3,
    "confused_with": {}
  },
  "topio_user": {
    "precision": 1.0,
    "recall": 1.0,
    "f1-score": 1.0,
    "support": 6,
    "confused_with": {}
  },
  "place": {
    "precision": 1.0,
    "recall": 0.9230769230769231,
    "f1-score": 0.9600000000000001,
    "support": 26,
    "confused_with": {}
  },
  "mood": {
    "precision": 0.0,
    "recall": 0.0,
    "f1-score": 0.0,
    "support": 1,
    "confused_with": {}
  },
  "micro avg": {
    "precision": 0.9295774647887324,
    "recall": 0.8571428571428571,
    "f1-score": 0.8918918918918918,
    "support": 77
  },
  "macro avg": {
    "precision": 0.6516516516516516,
    "recall": 0.5589911178146472,
    "f1-score": 0.5920083463745436,
    "support": 77
  },
  "weighted avg": {
    "precision": 0.8753948753948754,
    "recall": 0.8571428571428571,
    "f1-score": 0.8615742942503506,
    "support": 77
  }
}