{
  "information": {
    "precision": 0.0,
    "recall": 0.0,
    "f1-score": 0.0,
    "support": 1,
    "confused_with": {}
  },
  "property": {
    "precision": 0.8333333333333334,
    "recall": 0.8571428571428571,
    "f1-score": 0.8450704225352113,
    "support": 35,
    "confused_with": {}
  },
  "relation": {
    "precision": 0.0,
    "recall": 0.0,
    "f1-score": 0.0,
    "support": 1,
    "confused_with": {}
  },
  "language": {
    "precision": 0.0,
    "recall": 0.0,
    "f1-score": 0.0,
    "support": 3,
    "confused_with": {}
  },
  "time": {
    "precision": 0.0,
    "recall": 0.0,
    "f1-score": 0.0,
    "support": 1,
    "confused_with": {}
  },
  "support_topio": {
    "precision": 1.0,
    "recall": 0.3333333333333333,
    "f1-score": 0.5,
    "support": 3,
    "confused_with": {}
  },
  "topio_user": {
    "precision": 1.0,
    "recall": 0.42857142857142855,
    "f1-score": 0.6,
    "support": 7,
    "confused_with": {}
  },
  "place": {
    "precision": 1.0,
    "recall": 0.9090909090909091,
    "f1-score": 0.9523809523809523,
    "support": 33,
    "confused_with": {}
  },
  "mood": {
    "precision": 0.0,
    "recall": 0.0,
    "f1-score": 0.0,
    "support": 1,
    "confused_with": {}
  },
  "micro avg": {
    "precision": 0.9142857142857143,
    "recall": 0.7529411764705882,
    "f1-score": 0.8258064516129033,
    "support": 85
  },
  "macro avg": {
    "precision": 0.42592592592592593,
    "recall": 0.2809042809042809,
    "f1-score": 0.3219390416573515,
    "support": 85
  },
  "weighted avg": {
    "precision": 0.8490196078431373,
    "recall": 0.7529411764705882,
    "f1-score": 0.7847768966741626,
    "support": 85
  }
}