{
  "information": {
    "precision": 0.0,
    "recall": 0.0,
    "f1-score": 0.0,
    "support": 1,
    "confused_with": {}
  },
  "property": {
    "precision": 0.8717948717948718,
    "recall": 0.9714285714285714,
    "f1-score": 0.9189189189189189,
    "support": 35,
    "confused_with": {}
  },
  "relation": {
    "precision": 0.0,
    "recall": 0.0,
    "f1-score": 0.0,
    "support": 1,
    "confused_with": {}
  },
  "language": {
    "precision": 0.0,
    "recall": 0.0,
    "f1-score": 0.0,
    "support": 3,
    "confused_with": {}
  },
  "time": {
    "precision": 0.0,
    "recall": 0.0,
    "f1-score": 0.0,
    "support": 1,
    "confused_with": {}
  },
  "support_topio": {
    "precision": 0.0,
    "recall": 0.0,
    "f1-score": 0.0,
    "support": 3,
    "confused_with": {}
  },
  "topio_user": {
    "precision": 1.0,
    "recall": 0.14285714285714285,
    "f1-score": 0.25,
    "support": 7,
    "confused_with": {}
  },
  "place": {
    "precision": 0.9375,
    "recall": 0.9090909090909091,
    "f1-score": 0.923076923076923,
    "support": 33,
    "confused_with": {}
  },
  "mood": {
    "precision": 0.0,
    "recall": 0.0,
    "f1-score": 0.0,
    "support": 1,
    "confused_with": {}
  },
  "micro avg": {
    "precision": 0.9027777777777778,
    "recall": 0.7647058823529411,
    "f1-score": 0.8280254777070064,
    "support": 85
  },
  "macro avg": {
    "precision": 0.31214387464387466,
    "recall": 0.22481962481962484,
    "f1-score": 0.23244398244398243,
    "support": 85
  },
  "weighted avg": {
    "precision": 0.8052978883861237,
    "recall": 0.7647058823529411,
    "f1-score": 0.7573376543964778,
    "support": 85
  }
}