{
  "relation": {
    "precision": 0.0,
    "recall": 0.0,
    "f1-score": 0.0,
    "support": 3,
    "confused_with": {}
  },
  "service": {
    "precision": 0.0,
    "recall": 0.0,
    "f1-score": 0.0,
    "support": 1,
    "confused_with": {}
  },
  "information": {
    "precision": 0.0,
    "recall": 0.0,
    "f1-score": 0.0,
    "support": 1,
    "confused_with": {}
  },
  "support_topio": {
    "precision": 1.0,
    "recall": 0.25,
    "f1-score": 0.4,
    "support": 4,
    "confused_with": {}
  },
  "mood": {
    "precision": 0.0,
    "recall": 0.0,
    "f1-score": 0.0,
    "support": 1,
    "confused_with": {}
  },
  "place": {
    "precision": 1.0,
    "recall": 1.0,
    "f1-score": 1.0,
    "support": 12,
    "confused_with": {}
  },
  "property": {
    "precision": 0.8235294117647058,
    "recall": 0.7777777777777778,
    "f1-score": 0.7999999999999999,
    "support": 18,
    "confused_with": {}
  },
  "customer": {
    "precision": 1.0,
    "recall": 0.6,
    "f1-score": 0.7499999999999999,
    "support": 5,
    "confused_with": {}
  },
  "micro avg": {
    "precision": 0.9090909090909091,
    "recall": 0.6666666666666666,
    "f1-score": 0.7692307692307692,
    "support": 45
  },
  "macro avg": {
    "precision": 0.4779411764705882,
    "recall": 0.3284722222222222,
    "f1-score": 0.36874999999999997,
    "support": 45
  },
  "weighted avg": {
    "precision": 0.796078431372549,
    "recall": 0.6666666666666666,
    "f1-score": 0.7055555555555556,
    "support": 45
  }
}